-- phpMyAdmin SQL Dump
-- version 4.4.14
-- http://www.phpmyadmin.net
--
-- Host: 127.0.0.1
-- Generation Time: Jul 23, 2016 at 06:20 PM
-- Server version: 5.6.26
-- PHP Version: 5.6.12

SET SQL_MODE = "NO_AUTO_VALUE_ON_ZERO";
SET time_zone = "+00:00";


/*!40101 SET @OLD_CHARACTER_SET_CLIENT=@@CHARACTER_SET_CLIENT */;
/*!40101 SET @OLD_CHARACTER_SET_RESULTS=@@CHARACTER_SET_RESULTS */;
/*!40101 SET @OLD_COLLATION_CONNECTION=@@COLLATION_CONNECTION */;
/*!40101 SET NAMES utf8mb4 */;

--
-- Database: `tmminist_prisonersdilemma`
--

-- --------------------------------------------------------

--
-- Table structure for table `added_iterate_classes`
--

CREATE TABLE IF NOT EXISTS `added_iterate_classes` (
  `id` int(2) NOT NULL,
  `course` varchar(10) NOT NULL,
  `section` int(2) NOT NULL
) ENGINE=InnoDB DEFAULT CHARSET=latin1;

--
-- Dumping data for table `added_iterate_classes`
--

INSERT INTO `added_iterate_classes` (`id`, `course`, `section`) VALUES
(1, 'BIOL 1101K', 1);

-- --------------------------------------------------------

--
-- Table structure for table `course`
--

CREATE TABLE IF NOT EXISTS `course` (
  `id` int(2) NOT NULL,
  `course_and_number` varchar(10) NOT NULL,
  `section` int(2) NOT NULL,
  `isIterative` varchar(10) NOT NULL DEFAULT 'No'
) ENGINE=InnoDB AUTO_INCREMENT=13 DEFAULT CHARSET=latin1;

--
-- Dumping data for table `course`
--

INSERT INTO `course` (`id`, `course_and_number`, `section`, `isIterative`) VALUES
(1, 'BIOL 1101K', 1, 'Yes'),
(2, 'PHYS 2202', 11, 'Yes'),
(4, 'ITEC4500', 1, 'No');

-- --------------------------------------------------------

--
-- Table structure for table `games`
--

CREATE TABLE IF NOT EXISTS `games` (
  `id` int(255) NOT NULL,
  `player1` varchar(255) NOT NULL,
  `player2` varchar(255) NOT NULL,
  `time` int(50) NOT NULL,
  `round1` varchar(3) NOT NULL DEFAULT '0-0',
  `round2` varchar(3) NOT NULL DEFAULT '0-0',
  `round3` varchar(3) NOT NULL DEFAULT '0-0',
  `round4` varchar(3) NOT NULL DEFAULT '0-0',
  `round5` varchar(3) NOT NULL DEFAULT '0-0',
  `round1_p1` varchar(50) NOT NULL,
  `round2_p1` varchar(50) NOT NULL,
  `round3_p1` varchar(50) NOT NULL,
  `round4_p1` varchar(50) NOT NULL,
  `round5_p1` varchar(50) NOT NULL,
  `round1_p2` varchar(50) NOT NULL,
  `round2_p2` varchar(50) NOT NULL,
  `round3_p2` varchar(50) NOT NULL,
  `round4_p2` varchar(50) NOT NULL,
  `round5_p2` varchar(50) NOT NULL,
  `round1score_p1` int(11) NOT NULL,
  `round2score_p1` int(11) NOT NULL,
  `round3score_p1` int(11) NOT NULL,
  `round4score_p1` int(11) NOT NULL,
  `round5score_p1` int(11) NOT NULL,
  `round1score_p2` int(11) NOT NULL,
  `round2score_p2` int(11) NOT NULL,
  `round3score_p2` int(11) NOT NULL,
  `round4score_p2` int(11) NOT NULL,
  `round5score_p2` int(11) NOT NULL,
  `LastUpdateDate` datetime NOT NULL,
  `status` tinyint(1) NOT NULL DEFAULT '0'
) ENGINE=InnoDB AUTO_INCREMENT=86 DEFAULT CHARSET=latin1;

--
-- Dumping data for table `games`
--

INSERT INTO `games` (`id`, `player1`, `player2`, `time`, `round1`, `round2`, `round3`, `round4`, `round5`, `round1_p1`, `round2_p1`, `round3_p1`, `round4_p1`, `round5_p1`, `round1_p2`, `round2_p2`, `round3_p2`, `round4_p2`, `round5_p2`, `round1score_p1`, `round2score_p1`, `round3score_p1`, `round4score_p1`, `round5score_p1`, `round1score_p2`, `round2score_p2`, `round3score_p2`, `round4score_p2`, `round5score_p2`, `LastUpdateDate`, `status`) VALUES
(67, '4', '2', 1461735544, '2-2', '1-1', '2-1', '2-1', '1-1', 'Defect', 'Cooperate', 'Defect', 'Defect', 'Cooperate', 'Defect', 'Cooperate', 'Cooperate', 'Cooperate', 'Cooperate', 1, 3, 0, 5, 0, 1, 3, 5, 0, 0, '2016-04-27 01:35:23', 6),
(72, '4', '3', 1461822939, '1-1', '2-1', '1-2', '1-2', '1-2', 'Cooperate', 'Defect', 'Cooperate', 'Cooperate', 'Cooperate', 'Cooperate', 'Cooperate', 'Defect', 'Defect', 'Defect', 3, 0, 0, 5, 0, 3, 5, 5, 0, 0, '2016-04-28 01:53:39', 6),
(73, '8', '4', 1461822990, '1-2', '2-1', '2-1', '2-1', '2-1', 'Cooperate', 'Defect', 'Defect', 'Defect', 'Defect', 'Defect', 'Cooperate', 'Cooperate', 'Cooperate', 'Cooperate', 0, 0, 0, 0, 0, 5, 5, 5, 5, 0, '2016-04-28 01:54:30', 6),
(75, '1', '3', 1461868337, '0-1', '0-0', '0-0', '0-0', '0-0', '', '', '', '', '', 'Cooperate', '', '', '', '', 0, 0, 0, 0, 0, 0, 0, 0, 0, 0, '2016-04-28 14:30:17', 6),
(76, '3', '4', 1461868338, '0-1', '0-0', '0-0', '0-0', '0-0', '', '', '', '', '', 'Cooperate', '', '', '', '', 0, 0, 0, 0, 0, 0, 0, 0, 0, 0, '2016-04-28 14:30:18', 6),
(77, '4', '3', 1461868487, '1-1', '2-2', '2-2', '1-1', '0-0', 'Cooperate', 'Defect', 'Defect', 'Cooperate', '', 'Cooperate', 'Defect', 'Defect', 'Cooperate', '', 3, 1, 1, 3, 0, 3, 1, 1, 3, 0, '2016-04-28 14:32:47', 6),
(78, '4', '2', 1461870495, '1-2', '1-1', '2-1', '1-1', '1-1', 'Cooperate', 'Cooperate', 'Defect', 'Cooperate', 'Cooperate', 'Defect', 'Cooperate', 'Cooperate', 'Cooperate', 'Cooperate', 5, 3, 0, 3, 0, 0, 3, 5, 3, 0, '2016-04-28 15:06:15', 6),
(79, '9', '2', 1462212822, '1-1', '2-2', '1-2', '2-1', '1-1', 'Cooperate', 'Defect', 'Cooperate', 'Defect', 'Cooperate', 'Cooperate', 'Defect', 'Defect', 'Cooperate', 'Cooperate', 3, 1, 5, 0, 0, 3, 1, 0, 5, 0, '2016-05-02 14:11:42', 6),
(80, '9', '2', 1462213276, '1-1', '2-2', '2-1', '0-0', '0-0', 'Cooperate', 'Defect', 'Defect', '', '', 'Cooperate', 'Defect', 'Cooperate', '', '', 3, 1, 5, 0, 0, 3, 1, 0, 0, 0, '2016-05-02 14:19:16', 6),
(81, '7', '2', 1462287621, '1-1', '1-2', '1-1', '2-1', '1-2', 'Cooperate', 'Cooperate', 'Cooperate', 'Defect', 'Cooperate', 'Cooperate', 'Defect', 'Cooperate', 'Cooperate', 'Defect', 3, 5, 3, 5, 0, 3, 0, 3, 0, 0, '2016-05-03 10:58:21', 6),
(82, '4', '2', 1468989541, '0-0', '0-0', '0-0', '0-0', '0-0', '', '', '', '', '', '', '', '', '', '', 0, 0, 0, 0, 0, 0, 0, 0, 0, 0, '0000-00-00 00:00:00', 6),
(83, '2', '4', 1469069589, '0-0', '0-0', '0-0', '0-0', '0-0', '', '', '', '', '', '', '', '', '', '', 0, 0, 0, 0, 0, 0, 0, 0, 0, 0, '0000-00-00 00:00:00', 6),
(84, '4', '2', 1469070975, '1-1', '2-1', '0-0', '0-0', '0-0', 'Cooperate', 'Defect', '', '', '', 'Cooperate', 'Cooperate', '', '', '', 3, 0, 0, 0, 0, 3, 0, 0, 0, 0, '2016-07-20 23:14:15', 6),
(85, '2', '4', 1469074414, '0-0', '0-0', '0-0', '0-0', '0-0', '', '', '', '', '', '', '', '', '', '', 0, 0, 0, 0, 0, 0, 0, 0, 0, 0, '0000-00-00 00:00:00', 6);

-- --------------------------------------------------------

--
-- Table structure for table `games_iterative`
--

CREATE TABLE IF NOT EXISTS `games_iterative` (
  `id` int(255) NOT NULL,
  `player1` varchar(255) NOT NULL,
  `player2` varchar(255) NOT NULL,
  `time` int(50) NOT NULL,
  `round1` varchar(3) NOT NULL DEFAULT '0-0',
  `round2` varchar(3) NOT NULL DEFAULT '0-0',
  `round3` varchar(3) NOT NULL DEFAULT '0-0',
  `round4` varchar(3) NOT NULL DEFAULT '0-0',
  `round5` varchar(3) NOT NULL DEFAULT '0-0',
  `round1_p1` varchar(50) NOT NULL,
  `round2_p1` varchar(50) NOT NULL,
  `round3_p1` varchar(50) NOT NULL,
  `round4_p1` varchar(50) NOT NULL,
  `round5_p1` varchar(50) NOT NULL,
  `round1_p2` varchar(50) NOT NULL,
  `round2_p2` varchar(50) NOT NULL,
  `round3_p2` varchar(50) NOT NULL,
  `round4_p2` varchar(50) NOT NULL,
  `round5_p2` varchar(50) NOT NULL,
  `round1score_p1` int(11) NOT NULL,
  `round2score_p1` int(11) NOT NULL,
  `round3score_p1` int(11) NOT NULL,
  `round4score_p1` int(11) NOT NULL,
  `round5score_p1` int(11) NOT NULL,
  `round1score_p2` int(11) NOT NULL,
  `round2score_p2` int(11) NOT NULL,
  `round3score_p2` int(11) NOT NULL,
  `round4score_p2` int(11) NOT NULL,
  `round5score_p2` int(11) NOT NULL,
  `LastUpdateDate` datetime NOT NULL,
  `status` tinyint(1) NOT NULL DEFAULT '0',
  `CreatedTstamp` timestamp NOT NULL DEFAULT CURRENT_TIMESTAMP
) ENGINE=InnoDB AUTO_INCREMENT=91 DEFAULT CHARSET=latin1;

--
-- Dumping data for table `games_iterative`
--

INSERT INTO `games_iterative` (`id`, `player1`, `player2`, `time`, `round1`, `round2`, `round3`, `round4`, `round5`, `round1_p1`, `round2_p1`, `round3_p1`, `round4_p1`, `round5_p1`, `round1_p2`, `round2_p2`, `round3_p2`, `round4_p2`, `round5_p2`, `round1score_p1`, `round2score_p1`, `round3score_p1`, `round4score_p1`, `round5score_p1`, `round1score_p2`, `round2score_p2`, `round3score_p2`, `round4score_p2`, `round5score_p2`, `LastUpdateDate`, `status`, `CreatedTstamp`) VALUES
(67, '4', '2', 1461735544, '2-2', '1-1', '2-1', '2-1', '1-1', 'Defect', 'Cooperate', 'Defect', 'Defect', 'Cooperate', 'Defect', 'Cooperate', 'Cooperate', 'Cooperate', 'Cooperate', 1, 3, 0, 5, 0, 1, 3, 5, 0, 0, '2016-04-27 01:35:23', 6, '2016-07-21 03:56:57'),
(72, '4', '3', 1461822939, '1-1', '2-1', '1-2', '1-2', '1-2', 'Cooperate', 'Defect', 'Cooperate', 'Cooperate', 'Cooperate', 'Cooperate', 'Cooperate', 'Defect', 'Defect', 'Defect', 3, 0, 0, 5, 0, 3, 5, 5, 0, 0, '2016-04-28 01:53:39', 6, '2016-07-21 03:56:57'),
(73, '8', '4', 1461822990, '1-2', '2-1', '2-1', '2-1', '2-1', 'Cooperate', 'Defect', 'Defect', 'Defect', 'Defect', 'Defect', 'Cooperate', 'Cooperate', 'Cooperate', 'Cooperate', 0, 0, 0, 0, 0, 5, 5, 5, 5, 0, '2016-04-28 01:54:30', 6, '2016-07-21 03:56:57'),
(75, '1', '3', 1461868337, '0-1', '0-0', '0-0', '0-0', '0-0', '', '', '', '', '', 'Cooperate', '', '', '', '', 0, 0, 0, 0, 0, 0, 0, 0, 0, 0, '2016-04-28 14:30:17', 6, '2016-07-21 03:56:57'),
(76, '3', '4', 1461868338, '0-1', '0-0', '0-0', '0-0', '0-0', '', '', '', '', '', 'Cooperate', '', '', '', '', 0, 0, 0, 0, 0, 0, 0, 0, 0, 0, '2016-04-28 14:30:18', 6, '2016-07-21 03:56:57'),
(77, '4', '3', 1461868487, '1-1', '2-2', '2-2', '1-1', '0-0', 'Cooperate', 'Defect', 'Defect', 'Cooperate', '', 'Cooperate', 'Defect', 'Defect', 'Cooperate', '', 3, 1, 1, 3, 0, 3, 1, 1, 3, 0, '2016-04-28 14:32:47', 6, '2016-07-21 03:56:57'),
(78, '4', '2', 1461870495, '1-2', '1-1', '2-1', '1-1', '1-1', 'Cooperate', 'Cooperate', 'Defect', 'Cooperate', 'Cooperate', 'Defect', 'Cooperate', 'Cooperate', 'Cooperate', 'Cooperate', 5, 3, 0, 3, 0, 0, 3, 5, 3, 0, '2016-04-28 15:06:15', 6, '2016-07-21 03:56:57'),
(79, '9', '2', 1462212822, '1-1', '2-2', '1-2', '2-1', '1-1', 'Cooperate', 'Defect', 'Cooperate', 'Defect', 'Cooperate', 'Cooperate', 'Defect', 'Defect', 'Cooperate', 'Cooperate', 3, 1, 5, 0, 0, 3, 1, 0, 5, 0, '2016-05-02 14:11:42', 6, '2016-07-21 03:56:57'),
(80, '9', '2', 1462213276, '1-1', '2-2', '2-1', '0-0', '0-0', 'Cooperate', 'Defect', 'Defect', '', '', 'Cooperate', 'Defect', 'Cooperate', '', '', 3, 1, 5, 0, 0, 3, 1, 0, 0, 0, '2016-05-02 14:19:16', 6, '2016-07-21 03:56:57'),
(81, '7', '2', 1462287621, '1-1', '1-2', '1-1', '2-1', '1-2', 'Cooperate', 'Cooperate', 'Cooperate', 'Defect', 'Cooperate', 'Cooperate', 'Defect', 'Cooperate', 'Cooperate', 'Defect', 3, 5, 3, 5, 0, 3, 0, 3, 0, 0, '2016-05-03 10:58:21', 6, '2016-07-21 03:56:57'),
(82, '4', '2', 1468996278, '0-0', '0-0', '0-0', '0-0', '0-0', '', '', '', '', '', '', '', '', '', '', 0, 0, 0, 0, 0, 0, 0, 0, 0, 0, '0000-00-00 00:00:00', 6, '2016-07-21 03:56:57'),
(83, '2', '4', 1469070225, '0-0', '0-0', '0-0', '0-0', '0-0', '', '', '', '', '', '', '', '', '', '', 0, 0, 0, 0, 0, 0, 0, 0, 0, 0, '0000-00-00 00:00:00', 6, '2016-07-21 03:56:57'),
(84, '2', '4', 1469070880, '0-0', '0-0', '0-0', '0-0', '0-0', '', '', '', '', '', '', '', '', '', '', 0, 0, 0, 0, 0, 0, 0, 0, 0, 0, '0000-00-00 00:00:00', 6, '2016-07-21 03:56:57'),
(85, '4', '2', 1469071029, '0-0', '0-0', '0-0', '0-0', '0-0', '', '', '', '', '', '', '', '', '', '', 0, 0, 0, 0, 0, 0, 0, 0, 0, 0, '0000-00-00 00:00:00', 6, '2016-07-21 03:56:57'),
(86, '4', '2', 1469073593, '0-0', '0-0', '0-0', '0-0', '0-0', '', '', '', '', '', '', '', '', '', '', 0, 0, 0, 0, 0, 0, 0, 0, 0, 0, '0000-00-00 00:00:00', 6, '2016-07-21 03:57:53'),
(87, '4', '2', 1469074036, '0-0', '0-0', '0-0', '0-0', '0-0', '', '', '', '', '', '', '', '', '', '', 0, 0, 0, 0, 0, 0, 0, 0, 0, 0, '0000-00-00 00:00:00', 6, '2016-07-21 04:05:16'),
(88, '2', '4', 1469074385, '1-1', '2-2', '1-1', '2-2', '2-2', 'Cooperate', 'Defect', 'Cooperate', 'Defect', 'Defect', 'Cooperate', 'Defect', 'Cooperate', 'Defect', 'Defect', 3, 1, 3, 1, 0, 3, 1, 3, 1, 0, '2016-07-21 00:11:05', 6, '2016-07-21 04:10:37'),
(89, '8', '9', 1469256983, '1-2', '1-1', '2-2', '2-1', '1-2', 'Cooperate', 'Cooperate', 'Defect', 'Defect', 'Cooperate', 'Defect', 'Cooperate', 'Defect', 'Cooperate', 'Defect', 0, 3, 1, 5, 0, 5, 3, 1, 0, 0, '2016-07-23 02:54:23', 6, '2016-07-23 06:53:54'),
(90, '8', '9', 1469257002, '0-0', '0-0', '0-0', '0-0', '0-0', '', '', '', '', '', '', '', '', '', '', 0, 0, 0, 0, 0, 0, 0, 0, 0, 0, '0000-00-00 00:00:00', 0, '2016-07-23 06:54:42');

-- --------------------------------------------------------

--
-- Table structure for table `game_mode`
--

CREATE TABLE IF NOT EXISTS `game_mode` (
  `play_random` int(1) NOT NULL DEFAULT '0'
) ENGINE=InnoDB DEFAULT CHARSET=latin1;

-- --------------------------------------------------------

--
-- Table structure for table `history`
--

CREATE TABLE IF NOT EXISTS `history` (
  `id` int(3) NOT NULL,
  `player1` varchar(12) NOT NULL,
  `player2` varchar(12) NOT NULL,
  `player1_choice` varchar(12) NOT NULL,
  `player2_choice` varchar(12) NOT NULL,
  `player1_score` int(11) NOT NULL,
  `player2_score` int(11) NOT NULL,
  `tstamp` timestamp NOT NULL DEFAULT CURRENT_TIMESTAMP
) ENGINE=InnoDB AUTO_INCREMENT=7 DEFAULT CHARSET=latin1;

--
-- Dumping data for table `history`
--

INSERT INTO `history` (`id`, `player1`, `player2`, `player1_choice`, `player2_choice`, `player1_score`, `player2_score`, `tstamp`) VALUES
(1, 'Yellow-3', 'Red-4', 'coop', 'coop', 0, 0, '0000-00-00 00:00:00'),
(2, 'Yellow-3', 'Red-4', 'coop', 'defect', 0, 5, '2016-03-25 19:50:43'),
(3, 'Yellow-3', 'Red-4', 'coop', 'coop', 3, 3, '2016-03-29 02:21:32'),
(4, 'Yellow-3', 'Red-4', 'defect', 'defect', 1, 1, '2016-03-29 02:21:37'),
(5, 'Yellow-3', 'Red-4', 'coop', 'coop', 3, 3, '2016-03-29 02:22:03'),
(6, 'Yellow-3', 'Red-4', 'coop', 'coop', 3, 3, '2016-03-29 02:35:27');

-- --------------------------------------------------------

--
-- Table structure for table `iterative_game`
--

CREATE TABLE IF NOT EXISTS `iterative_game` (
  `id` int(3) NOT NULL,
  `p1` varchar(12) NOT NULL,
  `p2` varchar(12) NOT NULL,
  `p1_choice` int(2) DEFAULT NULL,
  `p2_choice` int(2) DEFAULT NULL,
  `p1_score` int(3) DEFAULT '0',
  `p2_score` int(3) DEFAULT '0',
  `round_limit` int(2) NOT NULL DEFAULT '10'
) ENGINE=InnoDB AUTO_INCREMENT=4 DEFAULT CHARSET=latin1;

--
-- Dumping data for table `iterative_game`
--

INSERT INTO `iterative_game` (`id`, `p1`, `p2`, `p1_choice`, `p2_choice`, `p1_score`, `p2_score`, `round_limit`) VALUES
(1, 'Blue-2', 'Yellow-3', NULL, NULL, 0, 0, 3),
(2, 'Blue-2', 'Red-4', NULL, 0, 0, 0, 3),
(3, 'Yellow-3', 'Red-4', NULL, 0, 0, 0, 3);

-- --------------------------------------------------------

--
-- Table structure for table `iterative_teams`
--

CREATE TABLE IF NOT EXISTS `iterative_teams` (
  `id` int(3) NOT NULL,
  `Course_ID` int(11) DEFAULT NULL,
  `member1` varchar(12) DEFAULT NULL,
  `member2` varchar(12) DEFAULT NULL,
  `member3` varchar(12) DEFAULT NULL,
  `member4` varchar(12) DEFAULT NULL
) ENGINE=InnoDB AUTO_INCREMENT=5 DEFAULT CHARSET=latin1;

--
-- Dumping data for table `iterative_teams`
--

INSERT INTO `iterative_teams` (`id`, `Course_ID`, `member1`, `member2`, `member3`, `member4`) VALUES
(1, 2, '8', '9', '7', NULL),
(2, 1, '5', '3', '4', NULL),
(3, 1, '2', '6', '', NULL);

-- --------------------------------------------------------

--
-- Table structure for table `login_history`
--

CREATE TABLE IF NOT EXISTS `login_history` (
  `UniqueID` int(11) NOT NULL,
  `id` int(11) NOT NULL,
  `log_in` datetime NOT NULL,
  `log_out` datetime NOT NULL,
  `isAdmin` int(11) NOT NULL DEFAULT '0',
  `busy` int(11) NOT NULL DEFAULT '0'
) ENGINE=MyISAM AUTO_INCREMENT=18 DEFAULT CHARSET=latin1;

--
-- Dumping data for table `login_history`
--

INSERT INTO `login_history` (`UniqueID`, `id`, `log_in`, `log_out`, `isAdmin`, `busy`) VALUES
(12, 4, '2016-07-20 23:57:38', '2016-07-22 22:34:32', 0, 1),
(2, 3, '2016-07-20 00:31:24', '0000-00-00 00:00:00', 0, 0),
(3, 6, '2016-04-13 14:02:36', '2016-04-13 14:06:39', 0, 0),
(13, 2, '2016-07-20 23:57:49', '2016-07-21 00:19:19', 0, 1),
(15, 1, '2016-07-22 22:34:48', '2016-07-23 02:52:11', 0, 0),
(6, 7, '2016-05-03 08:49:03', '0000-00-00 00:00:00', 0, 1),
(16, 8, '2016-07-23 02:53:06', '0000-00-00 00:00:00', 0, 1),
(17, 9, '2016-07-23 02:53:42', '0000-00-00 00:00:00', 0, 1);

-- --------------------------------------------------------

--
-- Table structure for table `logs`
--

CREATE TABLE IF NOT EXISTS `logs` (
  `desc` varchar(800) NOT NULL,
  `tstamp` timestamp NOT NULL DEFAULT CURRENT_TIMESTAMP
) ENGINE=MyISAM DEFAULT CHARSET=latin1;

-- --------------------------------------------------------

--
-- Table structure for table `random_game`
--

CREATE TABLE IF NOT EXISTS `random_game` (
  `id` int(3) NOT NULL,
  `p1` text NOT NULL,
  `p2` text NOT NULL,
  `p1_choice` int(1) DEFAULT NULL,
  `p2_choice` int(1) DEFAULT NULL,
  `p1_score` int(4) DEFAULT '0',
  `p2_score` int(4) DEFAULT '0',
  `games_per_week` int(2) DEFAULT '10',
  `round_limit` int(2) NOT NULL DEFAULT '5'
) ENGINE=InnoDB DEFAULT CHARSET=latin1;

-- --------------------------------------------------------

--
-- Table structure for table `random_history`
--

CREATE TABLE IF NOT EXISTS `random_history` (
  `id` int(3) NOT NULL,
  `gameID` int(11) NOT NULL,
  `player1` varchar(12) NOT NULL,
  `player2` varchar(12) NOT NULL,
  `player1_choice` varchar(12) NOT NULL,
  `player2_choice` varchar(12) NOT NULL,
  `player1_score` int(11) NOT NULL,
  `player2_score` int(11) NOT NULL,
  `tstamp` timestamp NOT NULL DEFAULT CURRENT_TIMESTAMP
) ENGINE=InnoDB AUTO_INCREMENT=386 DEFAULT CHARSET=latin1;

--
-- Dumping data for table `random_history`
--

INSERT INTO `random_history` (`id`, `gameID`, `player1`, `player2`, `player1_choice`, `player2_choice`, `player1_score`, `player2_score`, `tstamp`) VALUES
(40, 39, '2', '4', 'coop', 'coop', 3, 3, '2016-04-15 04:28:51'),
(41, 39, '4', '2', 'coop', 'coop', 3, 3, '2016-04-15 04:28:51'),
(42, 39, '4', '2', 'defect', 'coop', 5, 0, '2016-04-15 04:29:07'),
(43, 39, '2', '4', 'defect', 'coop', 5, 0, '2016-04-15 04:29:24'),
(44, 39, '2', '4', 'defect', 'defect', 1, 1, '2016-04-15 04:29:39'),
(45, 39, '2', '4', 'coop', 'coop', 3, 3, '2016-04-15 04:29:47'),
(46, 39, '4', '2', 'coop', 'coop', 3, 3, '2016-04-15 04:29:47'),
(47, 39, '4', '2', 'coop', 'coop', 3, 3, '2016-04-15 04:29:47'),
(48, 39, '2', '4', 'coop', 'coop', 3, 3, '2016-04-15 04:29:48'),
(49, 39, '4', '2', 'coop', 'coop', 3, 3, '2016-04-15 04:29:48'),
(50, 39, '2', '4', 'coop', 'coop', 3, 3, '2016-04-15 04:29:49'),
(51, 39, '4', '2', 'coop', 'coop', 3, 3, '2016-04-15 04:29:49'),
(52, 39, '2', '4', 'coop', 'coop', 3, 3, '2016-04-15 04:29:50'),
(53, 39, '4', '2', 'coop', 'coop', 3, 3, '2016-04-15 04:29:50'),
(54, 39, '2', '4', 'coop', 'coop', 3, 3, '2016-04-15 04:29:51'),
(55, 39, '4', '2', 'coop', 'coop', 3, 3, '2016-04-15 04:29:51'),
(56, 39, '2', '4', 'coop', 'coop', 3, 3, '2016-04-15 04:29:52'),
(57, 39, '4', '2', 'coop', 'coop', 3, 3, '2016-04-15 04:29:52'),
(58, 39, '2', '4', 'coop', 'coop', 3, 3, '2016-04-15 04:29:53'),
(59, 39, '4', '2', 'coop', 'coop', 3, 3, '2016-04-15 04:29:53'),
(60, 39, '2', '4', 'coop', 'coop', 3, 3, '2016-04-15 04:29:54'),
(61, 39, '4', '2', 'coop', 'coop', 3, 3, '2016-04-15 04:29:54'),
(62, 39, '2', '4', 'coop', 'coop', 3, 3, '2016-04-15 04:29:55'),
(63, 39, '4', '2', 'coop', 'coop', 3, 3, '2016-04-15 04:29:55'),
(64, 39, '2', '4', 'coop', 'coop', 3, 3, '2016-04-15 04:29:56'),
(65, 39, '4', '2', 'coop', 'coop', 3, 3, '2016-04-15 04:29:56'),
(66, 39, '2', '4', 'coop', 'coop', 3, 3, '2016-04-15 04:29:57'),
(67, 39, '4', '2', 'coop', 'coop', 3, 3, '2016-04-15 04:29:57'),
(68, 39, '2', '4', 'coop', 'coop', 3, 3, '2016-04-15 04:29:58'),
(69, 39, '4', '2', 'coop', 'coop', 3, 3, '2016-04-15 04:29:58'),
(70, 39, '2', '4', 'coop', 'coop', 3, 3, '2016-04-15 04:29:59'),
(71, 39, '4', '2', 'coop', 'coop', 3, 3, '2016-04-15 04:29:59'),
(72, 39, '2', '4', 'coop', 'coop', 3, 3, '2016-04-15 04:30:00'),
(73, 39, '4', '2', 'coop', 'coop', 3, 3, '2016-04-15 04:30:00'),
(74, 39, '2', '4', 'coop', 'coop', 3, 3, '2016-04-15 04:30:01'),
(75, 39, '4', '2', 'coop', 'coop', 3, 3, '2016-04-15 04:30:01'),
(76, 39, '2', '4', 'coop', 'coop', 3, 3, '2016-04-15 04:30:02'),
(77, 39, '4', '2', 'coop', 'coop', 3, 3, '2016-04-15 04:30:02'),
(78, 39, '2', '4', 'coop', 'coop', 3, 3, '2016-04-15 04:30:03'),
(79, 39, '4', '2', 'coop', 'coop', 3, 3, '2016-04-15 04:30:03'),
(80, 39, '2', '4', 'coop', 'coop', 3, 3, '2016-04-15 04:30:04'),
(81, 39, '4', '2', 'coop', 'coop', 3, 3, '2016-04-15 04:30:04'),
(82, 39, '2', '4', 'coop', 'coop', 3, 3, '2016-04-15 04:30:05'),
(83, 39, '4', '2', 'coop', 'coop', 3, 3, '2016-04-15 04:30:05'),
(84, 39, '2', '4', 'coop', 'coop', 3, 3, '2016-04-15 04:30:06'),
(85, 39, '4', '2', 'coop', 'coop', 3, 3, '2016-04-15 04:30:06'),
(86, 39, '2', '4', 'coop', 'coop', 3, 3, '2016-04-15 04:30:07'),
(87, 39, '4', '2', 'coop', 'coop', 3, 3, '2016-04-15 04:30:07'),
(88, 39, '2', '4', 'coop', 'coop', 3, 3, '2016-04-15 04:30:08'),
(89, 39, '4', '2', 'coop', 'coop', 3, 3, '2016-04-15 04:30:08'),
(90, 39, '2', '4', 'coop', 'coop', 3, 3, '2016-04-15 04:30:09'),
(91, 39, '4', '2', 'coop', 'coop', 3, 3, '2016-04-15 04:30:09'),
(92, 39, '2', '4', 'coop', 'coop', 3, 3, '2016-04-15 04:30:10'),
(93, 39, '4', '2', 'coop', 'coop', 3, 3, '2016-04-15 04:30:10'),
(94, 39, '2', '4', 'coop', 'coop', 3, 3, '2016-04-15 04:30:11'),
(95, 39, '4', '2', 'coop', 'coop', 3, 3, '2016-04-15 04:30:11'),
(96, 39, '2', '4', 'coop', 'coop', 3, 3, '2016-04-15 04:30:12'),
(97, 39, '4', '2', 'coop', 'coop', 3, 3, '2016-04-15 04:30:12'),
(98, 39, '2', '4', 'coop', 'coop', 3, 3, '2016-04-15 04:30:13'),
(99, 39, '4', '2', 'coop', 'coop', 3, 3, '2016-04-15 04:30:13'),
(100, 39, '2', '4', 'coop', 'coop', 3, 3, '2016-04-15 04:30:14'),
(101, 39, '2', '4', 'coop', 'coop', 3, 3, '2016-04-15 04:30:15'),
(102, 39, '2', '4', 'coop', 'coop', 3, 3, '2016-04-15 04:30:16'),
(103, 39, '2', '4', 'coop', 'coop', 3, 3, '2016-04-15 04:30:20'),
(104, 39, '2', '4', 'coop', 'coop', 3, 3, '2016-04-15 04:30:21'),
(105, 39, '2', '4', 'coop', 'coop', 3, 3, '2016-04-15 04:30:22'),
(106, 39, '2', '4', 'coop', 'coop', 3, 3, '2016-04-15 04:30:23'),
(107, 39, '2', '4', 'coop', 'coop', 3, 3, '2016-04-15 04:30:24'),
(108, 39, '2', '4', 'coop', 'coop', 3, 3, '2016-04-15 04:30:25'),
(109, 39, '2', '4', 'coop', 'coop', 3, 3, '2016-04-15 04:30:26'),
(110, 39, '2', '4', 'coop', 'coop', 3, 3, '2016-04-15 04:30:27'),
(111, 40, '2', '4', 'defect', 'coop', 5, 0, '2016-04-15 04:39:40'),
(112, 40, '2', '4', 'defect', 'coop', 5, 0, '2016-04-15 04:40:02'),
(113, 40, '2', '4', 'defect', 'coop', 5, 0, '2016-04-15 04:40:16'),
(114, 40, '4', '2', 'coop', 'defect', 0, 5, '2016-04-15 04:40:20'),
(115, 40, '2', '4', 'defect', 'coop', 5, 0, '2016-04-15 04:40:27'),
(116, 46, '2', '4', 'coop', 'defect', 0, 5, '2016-04-27 03:15:08'),
(117, 46, '2', '4', 'coop', 'coop', 3, 3, '2016-04-27 03:16:15'),
(118, 47, '4', '2', 'coop', 'coop', 3, 3, '2016-04-27 03:19:41'),
(119, 47, '2', '4', 'defect', 'defect', 1, 1, '2016-04-27 03:19:50'),
(120, 48, '2', '4', 'coop', 'coop', 3, 3, '2016-04-27 03:24:43'),
(121, 49, '2', '4', 'coop', 'defect', 0, 5, '2016-04-27 03:26:56'),
(122, 49, '2', '4', 'coop', 'coop', 3, 3, '2016-04-27 03:27:23'),
(123, 49, '2', '4', 'defect', 'defect', 1, 1, '2016-04-27 03:28:02'),
(124, 49, '4', '2', 'defect', 'coop', 5, 0, '2016-04-27 03:29:09'),
(125, 49, '2', '4', 'coop', 'coop', 3, 3, '2016-04-27 03:29:50'),
(126, 50, '2', '4', 'coop', 'coop', 3, 3, '2016-04-27 03:32:51'),
(127, 50, '4', '2', 'coop', 'coop', 3, 3, '2016-04-27 03:33:46'),
(128, 50, '2', '4', 'defect', 'defect', 1, 1, '2016-04-27 03:34:16'),
(129, 51, '4', '2', 'coop', 'coop', 3, 3, '2016-04-27 03:38:30'),
(130, 53, '4', '2', 'coop', 'coop', 3, 3, '2016-04-27 03:45:42'),
(131, 53, '2', '4', 'defect', 'defect', 1, 1, '2016-04-27 03:46:35'),
(132, 53, '4', '2', 'defect', 'defect', 1, 1, '2016-04-27 03:46:39'),
(133, 53, '4', '2', 'coop', 'defect', 0, 5, '2016-04-27 03:46:56'),
(134, 53, '4', '2', 'defect', 'coop', 5, 0, '2016-04-27 03:48:44'),
(135, 53, '2', '4', 'coop', 'defect', 0, 5, '2016-04-27 03:48:44'),
(136, 53, '4', '2', 'defect', 'coop', 5, 0, '2016-04-27 03:48:44'),
(137, 53, '4', '2', 'defect', 'coop', 5, 0, '2016-04-27 03:48:44'),
(138, 53, '2', '4', 'coop', 'defect', 0, 5, '2016-04-27 03:48:44'),
(139, 53, '4', '2', 'defect', 'coop', 5, 0, '2016-04-27 03:48:44'),
(140, 53, '2', '4', 'coop', 'defect', 0, 5, '2016-04-27 03:48:44'),
(141, 53, '2', '4', 'coop', 'defect', 0, 5, '2016-04-27 03:48:44'),
(142, 53, '4', '2', 'defect', 'coop', 5, 0, '2016-04-27 03:48:44'),
(143, 53, '2', '4', 'coop', 'defect', 0, 5, '2016-04-27 03:48:45'),
(144, 53, '2', '4', 'coop', 'defect', 0, 5, '2016-04-27 03:48:45'),
(145, 53, '4', '2', 'defect', 'coop', 5, 0, '2016-04-27 03:48:45'),
(146, 53, '2', '4', 'coop', 'defect', 0, 5, '2016-04-27 03:48:45'),
(147, 53, '2', '4', 'coop', 'defect', 0, 5, '2016-04-27 03:48:45'),
(148, 53, '4', '2', 'defect', 'coop', 5, 0, '2016-04-27 03:48:45'),
(149, 53, '4', '2', 'defect', 'coop', 5, 0, '2016-04-27 03:48:45'),
(150, 53, '2', '4', 'coop', 'defect', 0, 5, '2016-04-27 03:48:45'),
(151, 53, '2', '4', 'coop', 'defect', 0, 5, '2016-04-27 03:48:45'),
(152, 53, '2', '4', 'coop', 'defect', 0, 5, '2016-04-27 03:48:47'),
(153, 53, '2', '4', 'coop', 'defect', 0, 5, '2016-04-27 03:48:47'),
(154, 53, '4', '2', 'defect', 'coop', 5, 0, '2016-04-27 03:48:47'),
(155, 53, '2', '4', 'coop', 'defect', 0, 5, '2016-04-27 03:48:47'),
(156, 53, '4', '2', 'defect', 'coop', 5, 0, '2016-04-27 03:48:47'),
(157, 53, '2', '4', 'coop', 'defect', 0, 5, '2016-04-27 03:48:47'),
(158, 53, '2', '4', 'coop', 'defect', 0, 5, '2016-04-27 03:48:48'),
(159, 53, '2', '4', 'coop', 'defect', 0, 5, '2016-04-27 03:48:48'),
(160, 53, '2', '4', 'coop', 'defect', 0, 5, '2016-04-27 03:48:48'),
(161, 53, '2', '4', 'coop', 'defect', 0, 5, '2016-04-27 03:48:48'),
(162, 53, '4', '2', 'defect', 'coop', 5, 0, '2016-04-27 03:48:48'),
(163, 53, '2', '4', 'coop', 'defect', 0, 5, '2016-04-27 03:48:48'),
(164, 53, '4', '2', 'defect', 'coop', 5, 0, '2016-04-27 03:48:48'),
(165, 53, '4', '2', 'defect', 'coop', 5, 0, '2016-04-27 03:48:48'),
(166, 53, '4', '2', 'defect', 'coop', 5, 0, '2016-04-27 03:48:49'),
(167, 53, '2', '4', 'coop', 'defect', 0, 5, '2016-04-27 03:48:49'),
(168, 53, '4', '2', 'defect', 'coop', 5, 0, '2016-04-27 03:48:49'),
(169, 53, '4', '2', 'defect', 'coop', 5, 0, '2016-04-27 03:48:49'),
(170, 53, '4', '2', 'defect', 'coop', 5, 0, '2016-04-27 03:48:49'),
(171, 53, '4', '2', 'defect', 'coop', 5, 0, '2016-04-27 03:48:49'),
(172, 53, '4', '2', 'defect', 'coop', 5, 0, '2016-04-27 03:48:49'),
(173, 53, '2', '4', 'coop', 'defect', 0, 5, '2016-04-27 03:48:49'),
(174, 53, '4', '2', 'defect', 'coop', 5, 0, '2016-04-27 03:48:50'),
(175, 53, '4', '2', 'defect', 'coop', 5, 0, '2016-04-27 03:48:50'),
(176, 53, '4', '2', 'defect', 'coop', 5, 0, '2016-04-27 03:48:50'),
(177, 53, '4', '2', 'defect', 'coop', 5, 0, '2016-04-27 03:48:50'),
(178, 53, '4', '2', 'defect', 'coop', 5, 0, '2016-04-27 03:48:50'),
(179, 53, '2', '4', 'coop', 'defect', 0, 5, '2016-04-27 03:48:50'),
(180, 53, '4', '2', 'defect', 'coop', 5, 0, '2016-04-27 03:48:51'),
(181, 53, '4', '2', 'defect', 'coop', 5, 0, '2016-04-27 03:48:51'),
(182, 53, '4', '2', 'defect', 'coop', 5, 0, '2016-04-27 03:48:51'),
(183, 53, '4', '2', 'defect', 'coop', 5, 0, '2016-04-27 03:48:51'),
(184, 53, '4', '2', 'defect', 'coop', 5, 0, '2016-04-27 03:48:51'),
(185, 53, '4', '2', 'defect', 'coop', 5, 0, '2016-04-27 03:48:51'),
(186, 53, '2', '4', 'coop', 'defect', 0, 5, '2016-04-27 03:48:51'),
(187, 53, '4', '2', 'defect', 'coop', 5, 0, '2016-04-27 03:48:51'),
(188, 53, '4', '2', 'defect', 'coop', 5, 0, '2016-04-27 03:48:52'),
(189, 53, '2', '4', 'coop', 'defect', 0, 5, '2016-04-27 03:48:52'),
(190, 53, '4', '2', 'defect', 'coop', 5, 0, '2016-04-27 03:48:53'),
(191, 53, '2', '4', 'coop', 'defect', 0, 5, '2016-04-27 03:48:53'),
(192, 53, '4', '2', 'defect', 'coop', 5, 0, '2016-04-27 03:48:54'),
(193, 53, '2', '4', 'coop', 'defect', 0, 5, '2016-04-27 03:48:54'),
(194, 53, '4', '2', 'defect', 'coop', 5, 0, '2016-04-27 03:48:55'),
(195, 53, '2', '4', 'coop', 'defect', 0, 5, '2016-04-27 03:48:55'),
(196, 53, '4', '2', 'defect', 'coop', 5, 0, '2016-04-27 03:48:57'),
(197, 53, '2', '4', 'coop', 'defect', 0, 5, '2016-04-27 03:48:57'),
(198, 53, '2', '4', 'coop', 'defect', 0, 5, '2016-04-27 03:48:58'),
(199, 53, '4', '2', 'defect', 'coop', 5, 0, '2016-04-27 03:48:58'),
(200, 53, '4', '2', 'defect', 'coop', 5, 0, '2016-04-27 03:48:58'),
(201, 53, '2', '4', 'coop', 'defect', 0, 5, '2016-04-27 03:48:59'),
(202, 53, '4', '2', 'defect', 'coop', 5, 0, '2016-04-27 03:48:59'),
(203, 53, '2', '4', 'coop', 'defect', 0, 5, '2016-04-27 03:48:59'),
(204, 53, '4', '2', 'defect', 'coop', 5, 0, '2016-04-27 03:49:00'),
(205, 53, '2', '4', 'coop', 'defect', 0, 5, '2016-04-27 03:49:00'),
(206, 53, '4', '2', 'defect', 'coop', 5, 0, '2016-04-27 03:49:01'),
(207, 53, '2', '4', 'coop', 'defect', 0, 5, '2016-04-27 03:49:01'),
(208, 53, '4', '2', 'defect', 'coop', 5, 0, '2016-04-27 03:49:02'),
(209, 53, '2', '4', 'coop', 'defect', 0, 5, '2016-04-27 03:49:03'),
(210, 53, '4', '2', 'defect', 'coop', 5, 0, '2016-04-27 03:49:03'),
(211, 53, '2', '4', 'coop', 'defect', 0, 5, '2016-04-27 03:49:04'),
(212, 53, '4', '2', 'defect', 'coop', 5, 0, '2016-04-27 03:49:04'),
(213, 53, '2', '4', 'coop', 'defect', 0, 5, '2016-04-27 03:49:04'),
(214, 53, '4', '2', 'defect', 'coop', 5, 0, '2016-04-27 03:49:05'),
(215, 53, '2', '4', 'coop', 'defect', 0, 5, '2016-04-27 03:49:05'),
(216, 53, '4', '2', 'defect', 'coop', 5, 0, '2016-04-27 03:49:06'),
(217, 53, '2', '4', 'coop', 'defect', 0, 5, '2016-04-27 03:49:06'),
(218, 53, '4', '2', 'defect', 'coop', 5, 0, '2016-04-27 03:49:07'),
(219, 53, '2', '4', 'coop', 'defect', 0, 5, '2016-04-27 03:49:07'),
(220, 53, '4', '2', 'defect', 'coop', 5, 0, '2016-04-27 03:49:08'),
(221, 53, '2', '4', 'coop', 'defect', 0, 5, '2016-04-27 03:49:08'),
(222, 53, '4', '2', 'defect', 'coop', 5, 0, '2016-04-27 03:49:09'),
(223, 53, '2', '4', 'coop', 'defect', 0, 5, '2016-04-27 03:49:09'),
(224, 53, '2', '4', 'coop', 'defect', 0, 5, '2016-04-27 03:49:11'),
(225, 53, '4', '2', 'defect', 'coop', 5, 0, '2016-04-27 03:49:11'),
(226, 53, '4', '2', 'defect', 'coop', 5, 0, '2016-04-27 03:49:11'),
(227, 53, '2', '4', 'coop', 'defect', 0, 5, '2016-04-27 03:49:11'),
(228, 53, '2', '4', 'coop', 'defect', 0, 5, '2016-04-27 03:49:13'),
(229, 53, '4', '2', 'defect', 'coop', 5, 0, '2016-04-27 03:49:13'),
(230, 53, '4', '2', 'defect', 'coop', 5, 0, '2016-04-27 03:49:13'),
(231, 53, '2', '4', 'coop', 'defect', 0, 5, '2016-04-27 03:49:13'),
(232, 53, '4', '2', 'defect', 'coop', 5, 0, '2016-04-27 03:49:14'),
(233, 53, '2', '4', 'coop', 'defect', 0, 5, '2016-04-27 03:49:14'),
(234, 53, '4', '2', 'defect', 'coop', 5, 0, '2016-04-27 03:49:15'),
(235, 53, '2', '4', 'coop', 'defect', 0, 5, '2016-04-27 03:49:15'),
(236, 53, '4', '2', 'defect', 'coop', 5, 0, '2016-04-27 03:49:16'),
(237, 53, '2', '4', 'coop', 'defect', 0, 5, '2016-04-27 03:49:16'),
(238, 53, '2', '4', 'coop', 'defect', 0, 5, '2016-04-27 03:49:18'),
(239, 53, '4', '2', 'defect', 'coop', 5, 0, '2016-04-27 03:49:18'),
(240, 53, '2', '4', 'coop', 'defect', 0, 5, '2016-04-27 03:49:18'),
(241, 53, '4', '2', 'defect', 'coop', 5, 0, '2016-04-27 03:49:19'),
(242, 53, '4', '2', 'defect', 'coop', 5, 0, '2016-04-27 03:49:19'),
(243, 53, '2', '4', 'coop', 'defect', 0, 5, '2016-04-27 03:49:19'),
(244, 53, '4', '2', 'defect', 'coop', 5, 0, '2016-04-27 03:49:20'),
(245, 53, '2', '4', 'coop', 'defect', 0, 5, '2016-04-27 03:49:20'),
(246, 53, '4', '2', 'defect', 'coop', 5, 0, '2016-04-27 03:49:21'),
(247, 53, '2', '4', 'coop', 'defect', 0, 5, '2016-04-27 03:49:21'),
(248, 53, '4', '2', 'defect', 'coop', 5, 0, '2016-04-27 03:49:22'),
(249, 53, '2', '4', 'coop', 'defect', 0, 5, '2016-04-27 03:49:22'),
(250, 53, '4', '2', 'defect', 'coop', 5, 0, '2016-04-27 03:49:23'),
(251, 53, '2', '4', 'coop', 'defect', 0, 5, '2016-04-27 03:49:23'),
(252, 53, '4', '2', 'defect', 'coop', 5, 0, '2016-04-27 03:49:24'),
(253, 53, '2', '4', 'coop', 'defect', 0, 5, '2016-04-27 03:49:24'),
(254, 53, '4', '2', 'defect', 'coop', 5, 0, '2016-04-27 03:49:25'),
(255, 53, '2', '4', 'coop', 'defect', 0, 5, '2016-04-27 03:49:25'),
(256, 53, '4', '2', 'defect', 'coop', 5, 0, '2016-04-27 03:49:26'),
(257, 53, '2', '4', 'coop', 'defect', 0, 5, '2016-04-27 03:49:26'),
(258, 53, '4', '2', 'defect', 'coop', 5, 0, '2016-04-27 03:49:27'),
(259, 53, '2', '4', 'coop', 'defect', 0, 5, '2016-04-27 03:49:27'),
(260, 53, '4', '2', 'defect', 'coop', 5, 0, '2016-04-27 03:49:28'),
(261, 53, '2', '4', 'coop', 'defect', 0, 5, '2016-04-27 03:49:28'),
(262, 53, '4', '2', 'defect', 'coop', 5, 0, '2016-04-27 03:49:29'),
(263, 53, '2', '4', 'coop', 'defect', 0, 5, '2016-04-27 03:49:29'),
(264, 53, '4', '2', 'defect', 'coop', 5, 0, '2016-04-27 03:49:30'),
(265, 53, '2', '4', 'coop', 'defect', 0, 5, '2016-04-27 03:49:30'),
(266, 53, '4', '2', 'defect', 'coop', 5, 0, '2016-04-27 03:49:31'),
(267, 53, '2', '4', 'coop', 'defect', 0, 5, '2016-04-27 03:49:31'),
(268, 53, '4', '2', 'defect', 'coop', 5, 0, '2016-04-27 03:49:32'),
(269, 53, '2', '4', 'coop', 'defect', 0, 5, '2016-04-27 03:49:32'),
(270, 53, '4', '2', 'defect', 'coop', 5, 0, '2016-04-27 03:49:33'),
(271, 53, '2', '4', 'coop', 'defect', 0, 5, '2016-04-27 03:49:33'),
(272, 53, '4', '2', 'defect', 'coop', 5, 0, '2016-04-27 03:49:34'),
(273, 53, '2', '4', 'coop', 'defect', 0, 5, '2016-04-27 03:49:34'),
(274, 53, '4', '2', 'defect', 'coop', 5, 0, '2016-04-27 03:49:35'),
(275, 53, '2', '4', 'coop', 'defect', 0, 5, '2016-04-27 03:49:35'),
(276, 53, '4', '2', 'defect', 'coop', 5, 0, '2016-04-27 03:49:36'),
(277, 53, '2', '4', 'coop', 'defect', 0, 5, '2016-04-27 03:49:36'),
(278, 53, '4', '2', 'defect', 'coop', 5, 0, '2016-04-27 03:49:37'),
(279, 53, '2', '4', 'coop', 'defect', 0, 5, '2016-04-27 03:49:37'),
(280, 53, '4', '2', 'defect', 'coop', 5, 0, '2016-04-27 03:49:38'),
(281, 53, '2', '4', 'coop', 'defect', 0, 5, '2016-04-27 03:49:38'),
(282, 53, '4', '2', 'defect', 'coop', 5, 0, '2016-04-27 03:49:39'),
(283, 53, '2', '4', 'coop', 'defect', 0, 5, '2016-04-27 03:49:39'),
(284, 53, '4', '2', 'defect', 'coop', 5, 0, '2016-04-27 03:49:40'),
(285, 53, '2', '4', 'coop', 'defect', 0, 5, '2016-04-27 03:49:40'),
(286, 53, '4', '2', 'defect', 'coop', 5, 0, '2016-04-27 03:49:41'),
(287, 53, '2', '4', 'coop', 'defect', 0, 5, '2016-04-27 03:49:41'),
(288, 53, '4', '2', 'defect', 'coop', 5, 0, '2016-04-27 03:49:42'),
(289, 53, '2', '4', 'coop', 'defect', 0, 5, '2016-04-27 03:49:42'),
(290, 53, '4', '2', 'defect', 'coop', 5, 0, '2016-04-27 03:49:43'),
(291, 53, '2', '4', 'coop', 'defect', 0, 5, '2016-04-27 03:49:43'),
(292, 53, '4', '2', 'defect', 'coop', 5, 0, '2016-04-27 03:49:44'),
(293, 53, '2', '4', 'coop', 'defect', 0, 5, '2016-04-27 03:49:44'),
(294, 53, '4', '2', 'defect', 'coop', 5, 0, '2016-04-27 03:49:45'),
(295, 53, '2', '4', 'coop', 'defect', 0, 5, '2016-04-27 03:49:45'),
(296, 53, '4', '2', 'defect', 'coop', 5, 0, '2016-04-27 03:49:46'),
(297, 53, '2', '4', 'coop', 'defect', 0, 5, '2016-04-27 03:49:46'),
(298, 53, '2', '4', 'coop', 'defect', 0, 5, '2016-04-27 03:49:48'),
(299, 53, '4', '2', 'defect', 'coop', 5, 0, '2016-04-27 03:49:48'),
(300, 53, '4', '2', 'defect', 'coop', 5, 0, '2016-04-27 03:49:48'),
(301, 53, '2', '4', 'coop', 'defect', 0, 5, '2016-04-27 03:49:49'),
(302, 53, '4', '2', 'defect', 'coop', 5, 0, '2016-04-27 03:49:49'),
(303, 53, '2', '4', 'coop', 'defect', 0, 5, '2016-04-27 03:49:49'),
(304, 53, '4', '2', 'defect', 'coop', 5, 0, '2016-04-27 03:49:50'),
(305, 53, '2', '4', 'coop', 'defect', 0, 5, '2016-04-27 03:49:50'),
(306, 53, '4', '2', 'defect', 'coop', 5, 0, '2016-04-27 03:49:51'),
(307, 53, '2', '4', 'coop', 'defect', 0, 5, '2016-04-27 03:49:51'),
(308, 53, '4', '2', 'defect', 'coop', 5, 0, '2016-04-27 03:49:52'),
(309, 53, '2', '4', 'coop', 'defect', 0, 5, '2016-04-27 03:49:52'),
(310, 53, '4', '2', 'defect', 'coop', 5, 0, '2016-04-27 03:49:53'),
(311, 53, '2', '4', 'coop', 'defect', 0, 5, '2016-04-27 03:49:53'),
(312, 53, '2', '4', 'coop', 'defect', 0, 5, '2016-04-27 03:49:54'),
(313, 53, '4', '2', 'defect', 'coop', 5, 0, '2016-04-27 03:49:54'),
(314, 53, '2', '4', 'coop', 'defect', 0, 5, '2016-04-27 03:49:54'),
(315, 53, '4', '2', 'defect', 'coop', 5, 0, '2016-04-27 03:49:55'),
(316, 53, '2', '4', 'coop', 'defect', 0, 5, '2016-04-27 03:49:56'),
(317, 53, '4', '2', 'defect', 'coop', 5, 0, '2016-04-27 03:49:56'),
(318, 53, '2', '4', 'coop', 'defect', 0, 5, '2016-04-27 03:49:57'),
(319, 53, '4', '2', 'defect', 'coop', 5, 0, '2016-04-27 03:49:57'),
(320, 53, '2', '4', 'coop', 'defect', 0, 5, '2016-04-27 03:49:58'),
(321, 53, '4', '2', 'defect', 'coop', 5, 0, '2016-04-27 03:49:58'),
(322, 53, '2', '4', 'coop', 'defect', 0, 5, '2016-04-27 03:49:59'),
(323, 53, '4', '2', 'defect', 'coop', 5, 0, '2016-04-27 03:49:59'),
(324, 53, '2', '4', 'coop', 'defect', 0, 5, '2016-04-27 03:50:00'),
(325, 53, '4', '2', 'defect', 'coop', 5, 0, '2016-04-27 03:50:00'),
(326, 53, '2', '4', 'coop', 'defect', 0, 5, '2016-04-27 03:50:01'),
(327, 53, '4', '2', 'defect', 'coop', 5, 0, '2016-04-27 03:50:01'),
(328, 53, '4', '2', 'defect', 'coop', 5, 0, '2016-04-27 03:50:02'),
(329, 53, '2', '4', 'coop', 'defect', 0, 5, '2016-04-27 03:50:02'),
(330, 53, '4', '2', 'defect', 'coop', 5, 0, '2016-04-27 03:50:02'),
(331, 53, '2', '4', 'coop', 'defect', 0, 5, '2016-04-27 03:50:03'),
(332, 53, '4', '2', 'defect', 'coop', 5, 0, '2016-04-27 03:50:03'),
(333, 53, '2', '4', 'coop', 'defect', 0, 5, '2016-04-27 03:50:04'),
(334, 53, '4', '2', 'defect', 'coop', 5, 0, '2016-04-27 03:50:05'),
(335, 53, '2', '4', 'coop', 'defect', 0, 5, '2016-04-27 03:50:05'),
(336, 53, '4', '2', 'defect', 'coop', 5, 0, '2016-04-27 03:50:06'),
(337, 53, '2', '4', 'coop', 'defect', 0, 5, '2016-04-27 03:50:06'),
(338, 53, '4', '2', 'defect', 'coop', 5, 0, '2016-04-27 03:50:06'),
(339, 53, '2', '4', 'coop', 'defect', 0, 5, '2016-04-27 03:50:07'),
(340, 53, '4', '2', 'defect', 'coop', 5, 0, '2016-04-27 03:50:08'),
(341, 53, '2', '4', 'coop', 'defect', 0, 5, '2016-04-27 03:50:08'),
(342, 53, '2', '4', 'coop', 'defect', 0, 5, '2016-04-27 03:50:09'),
(343, 53, '2', '4', 'coop', 'defect', 0, 5, '2016-04-27 03:50:10'),
(344, 53, '2', '4', 'coop', 'defect', 0, 5, '2016-04-27 03:50:11'),
(345, 53, '2', '4', 'coop', 'defect', 0, 5, '2016-04-27 03:50:12'),
(346, 53, '2', '4', 'coop', 'defect', 0, 5, '2016-04-27 03:50:13'),
(347, 53, '2', '4', 'coop', 'defect', 0, 5, '2016-04-27 03:50:18'),
(348, 53, '2', '4', 'coop', 'defect', 0, 5, '2016-04-27 03:50:19'),
(349, 53, '2', '4', 'coop', 'defect', 0, 5, '2016-04-27 03:50:20'),
(350, 53, '2', '4', 'coop', 'defect', 0, 5, '2016-04-27 03:50:21'),
(351, 53, '2', '4', 'coop', 'defect', 0, 5, '2016-04-27 03:50:22'),
(352, 53, '2', '4', 'coop', 'defect', 0, 5, '2016-04-27 03:50:23'),
(353, 53, '2', '4', 'coop', 'defect', 0, 5, '2016-04-27 03:50:24'),
(354, 53, '2', '4', 'coop', 'defect', 0, 5, '2016-04-27 03:50:25'),
(355, 53, '2', '4', 'coop', 'defect', 0, 5, '2016-04-27 03:50:26'),
(356, 54, '4', '2', 'coop', 'coop', 3, 3, '2016-04-27 03:51:44'),
(357, 59, '2', '4', 'defect', 'coop', 5, 0, '2016-04-27 04:29:26'),
(358, 60, '4', '2', 'coop', 'coop', 3, 3, '2016-04-27 04:32:05'),
(359, 60, '4', '2', 'defect', 'defect', 1, 1, '2016-04-27 04:32:55'),
(360, 60, '2', '4', 'coop', 'coop', 3, 3, '2016-04-27 04:34:11'),
(361, 60, '4', '2', 'coop', 'coop', 3, 3, '2016-04-27 04:34:11'),
(362, 60, '2', '4', 'defect', 'defect', 1, 1, '2016-04-27 04:35:52'),
(363, 60, '2', '4', 'coop', 'coop', 3, 3, '2016-04-27 04:36:01'),
(364, 61, '2', '4', 'coop', 'coop', 3, 3, '2016-04-27 04:39:38'),
(365, 61, '2', '4', 'coop', 'coop', 3, 3, '2016-04-27 04:40:26'),
(366, 61, '2', '4', 'defect', 'coop', 5, 0, '2016-04-27 04:41:24'),
(367, 61, '2', '4', 'defect', 'defect', 1, 1, '2016-04-27 04:41:58'),
(368, 61, '4', '2', 'coop', 'coop', 3, 3, '2016-04-27 04:43:20'),
(369, 62, '2', '4', 'coop', 'coop', 3, 3, '2016-04-27 04:59:42'),
(370, 62, '4', '2', 'defect', 'defect', 1, 1, '2016-04-27 05:00:21'),
(371, 62, '2', '4', 'coop', 'coop', 3, 3, '2016-04-27 05:02:16'),
(372, 62, '2', '4', 'defect', 'defect', 1, 1, '2016-04-27 05:03:32'),
(373, 62, '2', '4', 'coop', 'defect', 0, 5, '2016-04-27 05:04:33'),
(374, 64, '4', '2', 'coop', 'defect', 0, 5, '2016-04-27 05:06:43'),
(375, 64, '2', '4', 'coop', 'coop', 3, 3, '2016-04-27 05:07:15'),
(376, 64, '2', '4', 'coop', 'defect', 0, 5, '2016-04-27 05:07:23'),
(377, 64, '2', '4', 'defect', 'defect', 1, 1, '2016-04-27 05:07:28'),
(378, 64, '4', '2', 'coop', 'coop', 3, 3, '2016-04-27 05:07:34'),
(379, 65, '4', '2', 'defect', 'defect', 1, 1, '2016-04-27 05:25:20'),
(380, 65, '4', '2', 'coop', 'defect', 0, 5, '2016-04-27 05:25:27'),
(381, 65, '2', '4', 'coop', 'defect', 0, 5, '2016-04-27 05:25:33'),
(382, 65, '4', '2', 'defect', 'defect', 1, 1, '2016-04-27 05:25:39'),
(383, 66, '4', '2', 'defect', 'coop', 5, 0, '2016-04-27 05:31:51'),
(384, 66, '4', '2', 'coop', 'defect', 0, 5, '2016-04-27 05:31:56'),
(385, 66, '4', '2', 'defect', 'defect', 1, 1, '2016-04-27 05:32:01');

-- --------------------------------------------------------

--
-- Table structure for table `teamcode`
--

CREATE TABLE IF NOT EXISTS `teamcode` (
  `users_id` int(3) NOT NULL,
  `tag` varchar(12) NOT NULL,
  `user_group` varchar(13) NOT NULL,
  `random_group` int(3) DEFAULT '0',
  `fixed_group` int(2) NOT NULL
) ENGINE=InnoDB DEFAULT CHARSET=latin1;

--
-- Dumping data for table `teamcode`
--

INSERT INTO `teamcode` (`users_id`, `tag`, `user_group`, `random_group`, `fixed_group`) VALUES
(2, 'Blue-2', 'Blue', 1, 0),
(3, 'Yellow-3', 'Yellow', 1, 0),
(4, 'Red-4', 'Red', 1, 0),
(5, 'Blue-5', 'Blue', 0, 0),
(6, 'Yellow-6', 'Yellow', 0, 0),
(7, 'Red-7', 'Red', 0, 0),
(8, 'Blue-8', 'Blue', 0, 0),
(9, 'Yellow-9', 'Yellow', 0, 0);

-- --------------------------------------------------------

--
-- Table structure for table `totals`
--

CREATE TABLE IF NOT EXISTS `totals` (
  `users_id` int(4) NOT NULL,
  `totalscore` int(4) NOT NULL DEFAULT '0'
) ENGINE=InnoDB DEFAULT CHARSET=latin1;

--
-- Dumping data for table `totals`
--

INSERT INTO `totals` (`users_id`, `totalscore`) VALUES
(6, 0),
(7, 0),
(8, 0),
(9, 0);

-- --------------------------------------------------------

--
-- Table structure for table `users`
--

CREATE TABLE IF NOT EXISTS `users` (
  `id` int(11) NOT NULL,
  `usernames` varchar(255) NOT NULL,
  `first_name` varchar(255) NOT NULL,
  `last_name` varchar(255) NOT NULL,
  `email` varchar(255) NOT NULL,
  `confirmed_email` varchar(255) NOT NULL,
  `pw` varchar(255) NOT NULL,
  `confirmed_pw` varchar(255) NOT NULL,
  `course` varchar(12) DEFAULT NULL,
  `section` int(2) DEFAULT NULL,
  `online_status` int(1) NOT NULL DEFAULT '0',
  `score` int(3) DEFAULT '0',
  `busy` tinyint(1) NOT NULL,
  `time` timestamp NOT NULL DEFAULT CURRENT_TIMESTAMP,
  `rank` smallint(2) NOT NULL
) ENGINE=InnoDB AUTO_INCREMENT=11 DEFAULT CHARSET=latin1;

--
-- Dumping data for table `users`
--

INSERT INTO `users` (`id`, `usernames`, `first_name`, `last_name`, `email`, `confirmed_email`, `pw`, `confirmed_pw`, `course`, `section`, `online_status`, `score`, `busy`, `time`, `rank`) VALUES
(1, 'aadmin', 'admin', 'admin', 'admin@hotmail.com', 'admin@hotmail.com', '123456', '123456', 'admin', 0, 1, -10, 0, '2016-03-23 20:34:50', 0),
(2, 'testxu', 'Test', 'Xu', 'xxu@ggc.edu', 'xxu@ggc.edu', '159357', '159357', 'BIOL 1101K', 1, 1, 159, 0, '2016-03-23 20:36:01', 0),
(3, 'vmeica', 'Valentin ', 'Meica', 'vmeica@ggc.edu', 'vmeica@ggc.edu', '8246555', '8246555', 'BIOL 1101K', 1, 1, 36, 0, '2016-03-23 20:36:16', 0),
(4, 'dguevara1', 'David', 'Guevara', 'dguevara1@ggc.edu', 'dguevara1@ggc.edu', 'cat123', 'cat123', 'BIOL 1101K', 1, 1, 162, 0, '2016-03-23 20:37:42', 0),
(5, 'test1', 'test', 'account', 'test@ggc.edu', 'test@ggc.edu', 'test', 'test', 'BIOL 1101K', 1, 1, 0, 0, '2016-04-06 14:11:56', 0),
(6, 'test', 'test', 'app', 'test@ggc.edu', 'test@ggc.edu', 'test', 'test', 'BIOL 1101K', 1, 0, 0, 0, '2016-04-13 20:00:24', 0),
(7, 'panchor', 'James', 'Russell', 'jrussell@ggc.edu', 'jrussell@ggc.edu', 'wolbachia', 'wolbachia', 'PHYS 2202', 11, 0, 11, 0, '2016-04-13 20:10:51', 0),
(8, 'sadams', 'Sam', 'Adams', 'adams@ggc.edu', 'adams@ggc.edu', '1234', '1234', 'PHYS 2202', 11, 0, 29, 0, '2016-04-28 05:43:43', 0),
(9, 'testtie', 'Test', 'Tie', 'testemail@email.com', 'testemail@email.com', '159357', '159357', 'PHYS 2202', 11, 0, 46, 0, '2016-05-02 18:10:10', 0);

--
-- Indexes for dumped tables
--

--
-- Indexes for table `added_iterate_classes`
--
ALTER TABLE `added_iterate_classes`
  ADD PRIMARY KEY (`id`);

--
-- Indexes for table `course`
--
ALTER TABLE `course`
  ADD PRIMARY KEY (`id`),
  ADD UNIQUE KEY `course_n_number` (`course_and_number`,`section`);

--
-- Indexes for table `games`
--
ALTER TABLE `games`
  ADD PRIMARY KEY (`id`);

--
-- Indexes for table `games_iterative`
--
ALTER TABLE `games_iterative`
  ADD PRIMARY KEY (`id`);

--
-- Indexes for table `game_mode`
--
ALTER TABLE `game_mode`
  ADD PRIMARY KEY (`play_random`);

--
-- Indexes for table `history`
--
ALTER TABLE `history`
  ADD PRIMARY KEY (`id`);

--
-- Indexes for table `iterative_game`
--
ALTER TABLE `iterative_game`
  ADD PRIMARY KEY (`id`);

--
-- Indexes for table `iterative_teams`
--
ALTER TABLE `iterative_teams`
  ADD PRIMARY KEY (`id`);

--
-- Indexes for table `login_history`
--
ALTER TABLE `login_history`
  ADD PRIMARY KEY (`UniqueID`);

--
-- Indexes for table `random_game`
--
ALTER TABLE `random_game`
  ADD PRIMARY KEY (`id`);

--
-- Indexes for table `random_history`
--
ALTER TABLE `random_history`
  ADD PRIMARY KEY (`id`);

--
-- Indexes for table `teamcode`
--
ALTER TABLE `teamcode`
  ADD PRIMARY KEY (`users_id`);

--
-- Indexes for table `totals`
--
ALTER TABLE `totals`
  ADD PRIMARY KEY (`users_id`);

--
-- Indexes for table `users`
--
ALTER TABLE `users`
  ADD PRIMARY KEY (`id`);

--
-- AUTO_INCREMENT for dumped tables
--

--
-- AUTO_INCREMENT for table `course`
--
ALTER TABLE `course`
  MODIFY `id` int(2) NOT NULL AUTO_INCREMENT,AUTO_INCREMENT=13;
--
-- AUTO_INCREMENT for table `games`
--
ALTER TABLE `games`
  MODIFY `id` int(255) NOT NULL AUTO_INCREMENT,AUTO_INCREMENT=86;
--
-- AUTO_INCREMENT for table `games_iterative`
--
ALTER TABLE `games_iterative`
  MODIFY `id` int(255) NOT NULL AUTO_INCREMENT,AUTO_INCREMENT=91;
--
-- AUTO_INCREMENT for table `history`
--
ALTER TABLE `history`
  MODIFY `id` int(3) NOT NULL AUTO_INCREMENT,AUTO_INCREMENT=7;
--
-- AUTO_INCREMENT for table `iterative_game`
--
ALTER TABLE `iterative_game`
  MODIFY `id` int(3) NOT NULL AUTO_INCREMENT,AUTO_INCREMENT=4;
--
-- AUTO_INCREMENT for table `iterative_teams`
--
ALTER TABLE `iterative_teams`
  MODIFY `id` int(3) NOT NULL AUTO_INCREMENT,AUTO_INCREMENT=5;
--
-- AUTO_INCREMENT for table `login_history`
--
ALTER TABLE `login_history`
  MODIFY `UniqueID` int(11) NOT NULL AUTO_INCREMENT,AUTO_INCREMENT=18;
--
-- AUTO_INCREMENT for table `random_game`
--
ALTER TABLE `random_game`
  MODIFY `id` int(3) NOT NULL AUTO_INCREMENT;
--
-- AUTO_INCREMENT for table `random_history`
--
ALTER TABLE `random_history`
  MODIFY `id` int(3) NOT NULL AUTO_INCREMENT,AUTO_INCREMENT=386;
--
-- AUTO_INCREMENT for table `users`
--
ALTER TABLE `users`
  MODIFY `id` int(11) NOT NULL AUTO_INCREMENT,AUTO_INCREMENT=11;
--
-- Constraints for dumped tables
--

--
-- Constraints for table `teamcode`
--
ALTER TABLE `teamcode`
  ADD CONSTRAINT `usersTeamCode_fk` FOREIGN KEY (`users_id`) REFERENCES `users` (`id`) ON DELETE CASCADE;

--
-- Constraints for table `totals`
--
ALTER TABLE `totals`
  ADD CONSTRAINT `totalsUsersID_fk` FOREIGN KEY (`users_id`) REFERENCES `users` (`id`) ON DELETE CASCADE;

/*!40101 SET CHARACTER_SET_CLIENT=@OLD_CHARACTER_SET_CLIENT */;
/*!40101 SET CHARACTER_SET_RESULTS=@OLD_CHARACTER_SET_RESULTS */;
/*!40101 SET COLLATION_CONNECTION=@OLD_COLLATION_CONNECTION */;
